Time,Amplitude
0.0,59
4.5351473922902495e-05,39
9.070294784580499e-05,16
0.00013605442176870748,10
0.00018140589569160998,-1
0.00022675736961451248,7
0.00027210884353741496,-12
0.00031746031746031746,-7
0.00036281179138321996,10
0.00040816326530612246,25
0.00045351473922902497,61
0.0004988662131519275,57
0.0005442176870748299,46
0.0005895691609977325,41
0.0006349206349206349,43
0.0006802721088435374,73
0.0007256235827664399,76
0.0007709750566893424,60
0.0008163265306122449,46
0.0008616780045351474,39
0.0009070294784580499,31
0.0009523809523809524,26
0.000997732426303855,35
0.0010430839002267573,37
0.0010884353741496598,41
0.0011337868480725624,20
0.001179138321995465,-6
0.0012244897959183673,-29
0.0012698412698412698,-43
0.0013151927437641724,-34
0.0013605442176870747,2
0.0014058956916099773,-1
0.0014512471655328798,-9
0.0014965986394557824,-9
0.0015419501133786847,-36
0.0015873015873015873,-30
0.0016326530612244899,-7
0.0016780045351473922,-17
0.0017233560090702948,-20
0.0017687074829931973,-39
0.0018140589569160999,-39
0.0018594104308390022,-38
0.0019047619047619048,-38
0.0019501133786848073,-6
0.00199546485260771,13
0.0020408163265306124,52
0.0020861678004535146,56
0.002131519274376417,22
0.0021768707482993197,1
0.0022222222222222222,-6
0.0022675736961451248,1
0.0023129251700680273,23
0.00235827664399093,42
0.002403628117913832,30
0.0024489795918367346,37
0.002494331065759637,17
0.0025396825396825397,9
0.0025850340136054422,16
0.002630385487528345,8
0.0026757369614512473,17
0.0027210884353741495,36
0.002766439909297052,42
0.0028117913832199546,61
0.002857142857142857,65
0.0029024943310657597,74
0.0029478458049886623,83
0.002993197278911565,86
0.003038548752834467,88
0.0030839002267573695,42
0.003129251700680272,15
0.0031746031746031746,18
0.003219954648526077,17
0.0032653061224489797,17
0.0033106575963718823,-2
0.0033560090702947844,5
0.003401360544217687,19
0.0034467120181405895,43
0.003492063492063492,35
0.0035374149659863946,2
0.003582766439909297,-19
0.0036281179138321997,-22
0.003673469387755102,-20
0.0037188208616780044,-24
0.003764172335600907,-11
0.0038095238095238095,5
0.003854875283446712,8
0.0039002267573696146,45
0.003945578231292517,65
0.00399092970521542,59
0.004036281179138322,41
0.004081632653061225,64
0.004126984126984127,80
0.004172335600907029,49
0.004217687074829932,56
0.004263038548752834,65
0.004308390022675737,83
0.004353741496598639,84
0.004399092970521542,57
0.0044444444444444444,28
0.004489795918367347,-1
0.0045351473922902496,-12
0.004580498866213152,-5
0.004625850340136055,31
0.004671201814058957,51
0.00471655328798186,47
0.004761904761904762,49
0.004807256235827664,33
0.004852607709750567,-4
0.004897959183673469,-13
0.004943310657596372,-17
0.004988662131519274,-28
0.005034013605442177,-25
0.005079365079365079,-16
0.005124716553287982,2
0.0051700680272108845,45
0.005215419501133787,19
0.00526077097505669,-14
0.005306122448979592,-21
0.005351473922902495,-5
0.005396825396825397,18
0.005442176870748299,41
0.0054875283446712015,33
0.005532879818594104,26
0.005578231292517007,21
0.005623582766439909,8
0.005668934240362812,20
0.005714285714285714,18
0.005759637188208617,-22
0.005804988662131519,-52
0.005850340136054422,-80
0.0058956916099773245,-79
0.005941043083900227,-55
0.00598639455782313,-63
0.006031746031746032,-50
0.006077097505668934,-42
0.006122448979591836,-30
0.006167800453514739,-4
0.0062131519274376415,3
0.006258503401360544,18
0.006303854875283447,13
0.006349206349206349,40
0.006394557823129252,64
0.006439909297052154,46
0.006485260770975057,53
0.006530612244897959,44
0.006575963718820862,17
0.0066213151927437645,19
0.006666666666666667,-1
0.006712018140589569,-29
0.006757369614512471,-54
0.006802721088435374,-76
0.0068480725623582765,-60
0.006893424036281179,-52
0.0069387755102040816,-45
0.006984126984126984,-14
0.007029478458049887,-27
0.007074829931972789,-28
0.007120181405895692,-18
0.007165532879818594,-16
0.007210884353741497,-44
0.0072562358276643995,-56
0.007301587301587302,-56
0.007346938775510204,-50
0.007392290249433106,-21
0.007437641723356009,-3
0.007482993197278911,9
0.007528344671201814,16
0.0075736961451247165,19
0.007619047619047619,22
0.007664399092970522,8
0.007709750566893424,1
0.007755102040816327,12
0.007800453514739229,32
0.007845804988662131,46
0.007891156462585034,31
0.007936507936507936,23
0.00798185941043084,30
0.008027210884353741,39
0.008072562358276645,39
0.008117913832199546,25
0.00816326530612245,9
0.008208616780045351,14
0.008253968253968255,38
0.008299319727891157,50
0.008344671201814058,37
0.008390022675736962,29
0.008435374149659863,17
0.008480725623582767,13
0.008526077097505668,28
0.008571428571428572,42
0.008616780045351474,44
0.008662131519274377,26
0.008707482993197279,6
0.008752834467120182,12
0.008798185941043084,17
0.008843537414965987,-5
0.008888888888888889,-23
0.00893424036281179,-57
0.008979591836734694,-65
0.009024943310657596,-52
0.009070294784580499,-42
0.0091156462585034,-17
0.009160997732426304,-9
0.009206349206349206,-39
0.00925170068027211,-61
0.009297052154195011,-56
0.009342403628117914,-20
0.009387755102040816,-18
0.00943310657596372,-46
0.009478458049886621,-64
0.009523809523809525,-98
0.009569160997732426,-93
0.009614512471655328,-88
0.009659863945578231,-76
0.009705215419501133,-63
0.009750566893424037,-36
0.009795918367346938,-35
0.009841269841269842,-34
0.009886621315192743,-12
0.009931972789115647,9
0.009977324263038548,17
0.010022675736961452,19
0.010068027210884354,40
0.010113378684807257,76
0.010158730158730159,83
0.01020408163265306,73
0.010249433106575964,36
0.010294784580498866,7
0.010340136054421769,1
0.01038548752834467,-7
0.010430839002267574,6
0.010476190476190476,-17
0.01052154195011338,-1
0.01056689342403628,23
0.010612244897959184,9
0.010657596371882086,-10
0.01070294784580499,-49
0.010748299319727891,-47
0.010793650793650795,-66
0.010839002267573696,-82
0.010884353741496598,-64
0.010929705215419501,-53
0.010975056689342403,-17
0.011020408163265306,-20
0.011065759637188208,-3
0.011111111111111112,2
0.011156462585034013,-6
0.011201814058956917,-38
0.011247165532879818,-70
0.011292517006802722,-52
0.011337868480725623,-35
0.011383219954648527,-14
0.011428571428571429,-20
0.01147392290249433,-18
0.011519274376417234,5
0.011564625850340135,24
0.011609977324263039,32
0.01165532879818594,23
0.011700680272108844,39
0.011746031746031746,36
0.011791383219954649,39
0.01183673469387755,54
0.011882086167800454,62
0.011927437641723356,36
0.01197278911564626,-2
0.012018140589569161,-26
0.012063492063492064,-36
0.012108843537414966,-58
0.012154195011337868,-66
0.012199546485260771,-55
0.012244897959183673,-54
0.012290249433106576,-51
0.012335600907029478,-52
0.012380952380952381,-55
0.012426303854875283,-21
0.012471655328798186,8
0.012517006802721088,1
0.012562358276643992,-25
0.012607709750566893,-23
0.012653061224489797,-29
0.012698412698412698,-49
0.0127437641723356,-39
0.012789115646258504,-25
0.012834467120181405,-15
0.012879818594104309,8
0.01292517006802721,15
0.012970521541950114,13
0.013015873015873015,-11
0.013061224489795919,-29
0.01310657596371882,-64
0.013151927437641724,-94
0.013197278911564626,-98
0.013242630385487529,-94
0.01328798185941043,-95
0.013333333333333334,-77
0.013378684807256236,-86
0.013424036281179138,-79
0.013469387755102041,-77
0.013514739229024943,-80
0.013560090702947846,-38
0.013605442176870748,-33
0.013650793650793651,-11
0.013696145124716553,16
0.013741496598639456,17
0.013786848072562358,14
0.013832199546485261,-22
0.013877551020408163,-29
0.013922902494331067,-20
0.013968253968253968,-54
0.01401360544217687,-93
0.014058956916099773,-93
0.014104308390022675,-58
0.014149659863945578,-30
0.01419501133786848,-37
0.014240362811791384,-50
0.014285714285714285,-86
0.014331065759637189,-110
0.01437641723356009,-102
0.014421768707482994,-75
0.014467120181405895,-60
0.014512471655328799,-69
0.0145578231292517,-76
0.014603174603174604,-72
0.014648526077097506,-54
0.014693877551020407,-34
0.01473922902494331,-18
0.014784580498866213,28
0.014829931972789116,31
0.014875283446712018,55
0.014920634920634921,98
0.014965986394557823,117
0.015011337868480726,138
0.015056689342403628,124
0.015102040816326531,108
0.015147392290249433,60
0.015192743764172336,32
0.015238095238095238,12
0.01528344671201814,27
0.015328798185941043,33
0.015374149659863945,19
0.015419501133786848,-10
0.01546485260770975,-10
0.015510204081632653,7
0.015555555555555555,32
0.015600907029478459,54
0.015646258503401362,85
0.015691609977324262,95
0.015736961451247165,89
0.01578231292517007,63
0.015827664399092972,66
0.015873015873015872,45
0.015918367346938776,35
0.01596371882086168,43
0.01600907029478458,45
0.016054421768707482,57
0.016099773242630386,60
0.01614512471655329,71
0.01619047619047619,63
0.016235827664399093,33
0.016281179138321996,30
0.0163265306122449,44
0.0163718820861678,56
0.016417233560090703,65
0.016462585034013606,59
0.01650793650793651,29
0.01655328798185941,31
0.016598639455782313,29
0.016643990929705216,24
0.016689342403628116,29
0.01673469387755102,42
0.016780045351473923,73
0.016825396825396827,56
0.016870748299319727,55
0.01691609977324263,25
0.016961451247165533,-39
0.017006802721088437,-52
0.017052154195011337,-58
0.01709750566893424,-23
0.017142857142857144,5
0.017188208616780044,22
0.017233560090702947,25
0.01727891156462585,5
0.017324263038548754,-29
0.017369614512471654,-62
0.017414965986394557,-63
0.01746031746031746,-69
0.017505668934240364,-74
0.017551020408163264,-66
0.017596371882086168,-36
0.01764172335600907,-14
0.017687074829931974,-2
0.017732426303854874,-28
0.017777777777777778,-38
0.01782312925170068,-34
0.01786848072562358,-41
0.017913832199546485,-47
0.017959183673469388,-55
0.01800453514739229,-55
0.01804988662131519,-25
0.018095238095238095,-6
0.018140589569160998,17
0.0181859410430839,2
0.0182312925170068,-30
0.018276643990929705,-39
0.01832199546485261,-34
0.018367346938775512,9
0.018412698412698412,11
0.018458049886621315,44
0.01850340136054422,49
0.01854875283446712,41
0.018594104308390022,41
0.018639455782312925,33
0.01868480725623583,30
0.01873015873015873,10
0.018775510204081632,-5
0.018820861678004536,-33
0.01886621315192744,-48
0.01891156462585034,-54
0.018956916099773242,-34
0.019002267573696146,-17
0.01904761904761905,-30
0.01909297052154195,-45
0.019138321995464853,-33
0.019183673469387756,-21
0.019229024943310656,-35
0.01927437641723356,-32
0.019319727891156463,-51
0.019365079365079366,-43
0.019410430839002266,-1
0.01945578231292517,6
0.019501133786848073,27
0.019546485260770977,28
0.019591836734693877,19
0.01963718820861678,37
0.019682539682539683,29
0.019727891156462583,13
0.019773242630385487,-18
0.01981859410430839,-40
0.019863945578231294,-53
0.019909297052154194,-48
0.019954648526077097,-22
0.02,-6
0.020045351473922904,-1
0.020090702947845804,-55
0.020136054421768707,-87
0.02018140589569161,-109
0.020226757369614514,-123
0.020272108843537414,-105
0.020317460317460317,-102
0.02036281179138322,-73
0.02040816326530612,-52
0.020453514739229024,-35
0.020498866213151928,-41
0.02054421768707483,-72
0.02058956916099773,-84
0.020634920634920634,-80
0.020680272108843538,-43
0.02072562358276644,18
0.02077097505668934,31
0.020816326530612245,33
0.020861678004535148,26
0.02090702947845805,14
0.02095238095238095,15
0.020997732426303855,11
0.02104308390022676,3
0.02108843537414966,24
0.02113378684807256,87
0.021179138321995465,122
0.02122448979591837,151
0.02126984126984127,180
0.021315192743764172,164
0.021360544217687075,134
0.02140589569160998,84
0.02145124716553288,47
0.021496598639455782,39
0.021541950113378686,51
0.02158730158730159,35
0.02163265306122449,59
0.021678004535147392,63
0.021723356009070296,33
0.021768707482993196,16
0.0218140589569161,-4
0.021859410430839003,-7
0.021904761904761906,-17
0.021950113378684806,-25
0.02199546485260771,-21
0.022040816326530613,-12
0.022086167800453516,16
0.022131519274376416,33
0.02217687074829932,32
0.022222222222222223,11
0.022267573696145123,-17
0.022312925170068026,-46
0.02235827664399093,-70
0.022403628117913833,-75
0.022448979591836733,-40
0.022494331065759637,0
0.02253968253968254,38
0.022585034013605444,64
0.022630385487528343,62
0.022675736961451247,46
0.02272108843537415,19
0.022766439909297054,-2
0.022811791383219954,11
0.022857142857142857,23
0.02290249433106576,46
0.02294784580498866,38
0.022993197278911564,28
0.023038548752834467,16
0.02308390022675737,21
0.02312925170068027,28
0.023174603174603174,-2
0.023219954648526078,-12
0.02326530612244898,-42
0.02331065759637188,-59
0.023356009070294784,-29
0.023401360544217688,-6
0.02344671201814059,19
0.02349206349206349,39
0.023537414965986395,26
0.023582766439909298,34
0.023628117913832198,29
0.0236734693877551,30
0.023718820861678005,28
0.023764172335600908,31
0.023809523809523808,43
0.02385487528344671,41
0.023900226757369615,45
0.02394557823129252,53
0.02399092970521542,65
0.024036281179138322,58
0.024081632653061225,34
0.02412698412698413,12
0.02417233560090703,-5
0.024217687074829932,5
0.024263038548752835,47
0.024308390022675735,91
0.02435374149659864,116
0.024399092970521542,116
0.024444444444444446,82
0.024489795918367346,32
0.02453514739229025,-19
0.024580498866213153,-52
0.024625850340136056,-79
0.024671201814058956,-63
0.02471655328798186,-38
0.024761904761904763,-15
0.024807256235827663,-29
0.024852607709750566,-46
0.02489795918367347,-56
0.024943310657596373,-42
0.024988662131519273,-24
0.025034013605442176,-5
0.02507936507936508,25
0.025124716553287983,20
0.025170068027210883,19
0.025215419501133787,41
0.02526077097505669,36
0.025306122448979593,65
0.025351473922902493,65
0.025396825396825397,35
0.0254421768707483,17
0.0254875283446712,9
0.025532879818594104,10
0.025578231292517007,2
0.02562358276643991,21
0.02566893424036281,49
0.025714285714285714,54
0.025759637188208617,72
0.02580498866213152,83
0.02585034013605442,50
0.025895691609977324,29
0.025941043083900227,15
0.02598639455782313,-14
0.02603174603174603,-9
0.026077097505668934,-12
0.026122448979591838,-4
0.026167800453514738,12
0.02621315192743764,18
0.026258503401360545,9
0.026303854875283448,-3
0.026349206349206348,-28
0.02639455782312925,-9
0.026439909297052155,57
0.026485260770975058,65
0.026530612244897958,73
0.02657596371882086,61
0.026621315192743765,65
0.02666666666666667,62
0.02671201814058957,50
0.026757369614512472,0
0.026802721088435375,-32
0.026848072562358275,-44
0.02689342403628118,-28
0.026938775510204082,9
0.026984126984126985,26
0.027029478458049885,16
0.02707482993197279,-19
0.027120181405895692,-31
0.027165532879818596,-47
0.027210884353741496,-64
0.0272562358276644,-67
0.027301587301587302,-72
0.027346938775510202,-67
0.027392290249433106,-49
0.02743764172335601,-36
0.027482993197278913,-45
0.027528344671201813,-65
0.027573696145124716,-83
0.02761904761904762,-64
0.027664399092970523,-63
0.027709750566893423,-74
0.027755102040816326,-61
0.02780045351473923,-46
0.027845804988662133,-56
0.027891156462585033,-33
0.027936507936507936,-5
0.02798185941043084,12
0.02802721088435374,17
0.028072562358276643,21
0.028117913832199547,16
0.02816326530612245,0
0.02820861678004535,-26
0.028253968253968254,-4
0.028299319727891157,8
0.02834467120181406,-2
0.02839002267573696,-25
0.028435374149659864,-52
0.028480725623582767,-48
0.02852607709750567,-33
0.02857142857142857,-48
0.028616780045351474,-62
0.028662131519274377,-76
0.028707482993197277,-67
0.02875283446712018,-66
0.028798185941043084,-39
0.028843537414965988,-7
0.028888888888888888,0
0.02893424036281179,-4
0.028979591836734694,-28
0.029024943310657598,-41
0.029070294784580498,-57
0.0291156462585034,-65
0.029160997732426305,-47
0.029206349206349208,-42
0.029251700680272108,-26
0.02929705215419501,2
0.029342403628117915,19
0.029387755102040815,13
0.029433106575963718,-10
0.02947845804988662,-25
0.029523809523809525,-40
0.029569160997732425,-22
0.02961451247165533,-1
0.029659863945578232,-1
0.029705215419501135,7
0.029750566893424035,19
0.02979591836734694,-4
0.029841269841269842,-39
0.029886621315192742,-54
0.029931972789115645,-56
0.02997732426303855,-38
0.030022675736961452,-12
0.030068027210884352,15
0.030113378684807256,24
0.03015873015873016,31
0.030204081632653063,13
0.030249433106575963,-25
0.030294784580498866,-44
0.03034013605442177,-77
0.030385487528344673,-62
0.030430839002267573,-49
0.030476190476190476,-46
0.03052154195011338,-32
0.03056689342403628,-25
0.030612244897959183,-7
0.030657596371882086,17
0.03070294784580499,21
0.03074829931972789,0
0.030793650793650793,-12
0.030839002267573697,-34
0.0308843537414966,-39
0.0309297052154195,-21
0.030975056689342403,-28
0.031020408163265307,-45
0.03106575963718821,-31
0.03111111111111111,-12
0.031156462585034014,4
0.031201814058956917,1
0.031247165532879817,-1
0.031292517006802724,12
0.031337868480725624,28
0.031383219954648524,37
0.03142857142857143,16
0.03147392290249433,-6
0.03151927437641723,6
0.03156462585034014,33
0.03160997732426304,32
0.031655328798185944,11
0.031700680272108844,-31
0.031746031746031744,-55
0.03179138321995465,-61
0.03183673469387755,-54
0.03188208616780045,-57
0.03192743764172336,-53
0.03197278911564626,-42
0.03201814058956916,-12
0.032063492063492065,31
0.032108843537414965,39
0.03215419501133787,12
0.03219954648526077,-21
0.03224489795918367,-43
0.03229024943310658,-29
0.03233560090702948,-12
0.03238095238095238,10
0.032426303854875285,12
0.032471655328798185,19
0.032517006802721085,28
0.03256235827664399,20
0.03260770975056689,29
0.0326530612244898,13
0.0326984126984127,19
0.0327437641723356,-1
0.032789115646258506,-4
0.032834467120181406,7
0.032879818594104306,35
0.03292517006802721,56
0.03297052154195011,78
0.03301587301587302,81
0.03306122448979592,77
0.03310657596371882,41
0.033151927437641726,-8
0.033197278911564626,-18
0.033242630385487526,-6
0.03328798185941043,31
0.03333333333333333,48
0.03337868480725623,9
0.03342403628117914,-10
0.03346938775510204,-28
0.03351473922902495,-20
0.033560090702947847,-1
0.033605442176870746,18
0.03365079365079365,17
0.03369614512471655,21
0.03374149659863945,39
0.03378684807256236,59
0.03383219954648526,65
0.03387755102040816,45
0.03392290249433107,19
0.03396825396825397,31
0.034013605442176874,19
0.034058956916099774,0
0.034104308390022674,25
0.03414965986394558,60
0.03419501133786848,92
0.03424036281179138,117
0.03428571428571429,108
0.03433106575963719,82
0.03437641723356009,67
0.034421768707482994,30
0.034467120181405894,15
0.0345124716553288,27
0.0345578231292517,30
0.0346031746031746,-7
0.03464852607709751,-26
0.03469387755102041,-34
0.03473922902494331,-20
0.034784580498866215,-4
0.034829931972789115,2
0.03487528344671202,-2
0.03492063492063492,-23
0.03496598639455782,-46
0.03501133786848073,-40
0.03505668934240363,1
0.03510204081632653,4
0.035147392290249435,3
0.035192743764172335,-7
0.035238095238095235,-37
0.03528344671201814,-48
0.03532879818594104,-32
0.03537414965986395,-25
0.03541950113378685,13
0.03546485260770975,32
0.035510204081632656,32
0.035555555555555556,51
0.035600907029478455,15
0.03564625850340136,-1
0.03569160997732426,-8
0.03573696145124716,-18
0.03578231292517007,-22
0.03582766439909297,-35
0.035873015873015876,-17
0.035918367346938776,6
0.035963718820861676,25
0.03600907029478458,31
0.03605442176870748,32
0.03609977324263038,25
0.03614512471655329,7
0.03619047619047619,-20
0.03623582766439909,-40
0.036281179138321996,-41
0.036326530612244896,-23
0.0363718820861678,-21
0.0364172335600907,-42
0.0364625850340136,-40
0.03650793650793651,8
0.03655328798185941,30
0.03659863945578231,38
0.03664399092970522,48
0.03668934240362812,47
0.036734693877551024,56
0.036780045351473924,60
0.036825396825396824,60
0.03687074829931973,67
0.03691609977324263,53
0.03696145124716553,9
0.03700680272108844,-24
0.03705215419501134,-43
0.03709750566893424,-63
0.037142857142857144,-66
0.037188208616780044,-75
0.03723356009070295,-57
0.03727891156462585,-37
0.03732426303854875,-26
0.03736961451247166,-6
0.03741496598639456,-31
0.03746031746031746,-46
0.037505668934240365,-66
0.037551020408163265,-61
0.037596371882086164,-33
0.03764172335600907,-53
0.03768707482993197,-42
0.03773242630385488,-10
0.03777777777777778,46
0.03782312925170068,89
0.037868480725623585,80
0.037913832199546485,61
0.037959183673469385,40
0.03800453514739229,27
0.03804988662131519,19
0.0380952380952381,-10
0.038140589569161,-34
0.0381859410430839,-39
0.038231292517006805,-32
0.038276643990929705,-23
0.038321995464852605,-58
0.03836734693877551,-44
0.03841269841269841,-36
0.03845804988662131,-40
0.03850340136054422,-61
0.03854875283446712,-73
0.038594104308390026,-67
0.038639455782312926,-52
0.038684807256235826,-14
0.03873015873015873,8
0.03877551020408163,6
0.03882086167800453,-20
0.03886621315192744,-43
0.03891156462585034,-59
0.03895691609977324,-50
0.039002267573696146,-13
0.039047619047619046,-20
0.03909297052154195,-13
0.03913832199546485,-7
0.03918367346938775,24
0.03922902494331066,38
0.03927437641723356,38
0.03931972789115646,14
0.03936507936507937,-48
0.03941043083900227,-65
0.03945578231292517,-28
0.039501133786848074,1
0.039546485260770974,18
0.03959183673469388,0
0.03963718820861678,-28
0.03968253968253968,-29
0.03972789115646259,-21
0.03977324263038549,-4
0.03981859410430839,-8
0.039863945578231294,-13
0.039909297052154194,-16
0.0399546485260771,-3
0.04,-16
0.0400453514739229,-2
0.04009070294784581,42
0.04013605442176871,48
0.04018140589569161,33
0.040226757369614514,42
0.040272108843537414,57
0.040317460317460314,50
0.04036281179138322,44
0.04040816326530612,37
0.04045351473922903,34
0.04049886621315193,25
0.04054421768707483,-18
0.040589569160997735,-55
0.040634920634920635,-67
0.040680272108843535,-33
0.04072562358276644,-17
0.04077097505668934,-26
0.04081632653061224,-36
0.04086167800453515,-28
0.04090702947845805,-25
0.040952380952380955,-18
0.040997732426303855,-7
0.041043083900226755,12
0.04108843537414966,15
0.04113378684807256,27
0.04117913832199546,21
0.04122448979591837,28
0.04126984126984127,40
0.04131519274376417,38
0.041360544217687076,53
0.041405895691609976,58
0.04145124716553288,63
0.04149659863945578,57
0.04154195011337868,54
0.04158730158730159,64
0.04163265306122449,57
0.04167800453514739,55
0.041723356009070296,57
0.041768707482993196,46
0.0418140589569161,40
0.041859410430839,38
0.0419047619047619,23
0.04195011337868481,-19
0.04199546485260771,-47
0.04204081632653061,-79
0.04208616780045352,-92
0.04213151927437642,-78
0.04217687074829932,-57
0.042222222222222223,-24
0.04226757369614512,-37
0.04231292517006803,-63
0.04235827664399093,-57
0.04240362811791383,-76
0.04244897959183674,-99
0.04249433106575964,-104
0.04253968253968254,-104
0.042585034013605444,-61
0.042630385487528344,-24
0.042675736961451244,-8
0.04272108843537415,25
0.04276643990929705,27
0.04281179138321996,8
0.04285714285714286,-17
0.04290249433106576,-23
0.042947845804988664,-12
0.042993197278911564,-20
0.043038548752834464,-31
0.04308390022675737,-58
0.04312925170068027,-31
0.04317460317460318,5
0.04321995464852608,-17
0.04326530612244898,-55
0.043310657596371885,-61
0.043356009070294785,-47
0.043401360544217685,-55
0.04344671201814059,-71
0.04349206349206349,-65
0.04353741496598639,-41
0.0435827664399093,-3
0.0436281179138322,21
0.043673469387755105,31
0.043718820861678005,0
0.043764172335600905,-12
0.04380952380952381,-8
0.04385487528344671,-35
0.04390022675736961,-45
0.04394557823129252,-61
0.04399092970521542,-54
0.04403628117913832,-5
0.044081632653061226,4
0.044126984126984126,9
0.04417233560090703,2
0.04421768707482993,-9
0.04426303854875283,-6
0.04430839002267574,-10
0.04435374149659864,-7
0.04439909297052154,3
0.044444444444444446,-2
0.044489795918367346,-1
0.044535147392290246,31
0.04458049886621315,41
0.04462585034013605,45
0.04467120181405896,15
0.04471655328798186,-16
0.04476190476190476,-16
0.04480725623582767,-9
0.04485260770975057,-9
0.044897959183673466,-3
0.04494331065759637,10
0.04498866213151927,32
0.04503401360544218,34
0.04507936507936508,20
0.04512471655328798,8
0.04517006802721089,-13
0.04521541950113379,-34
0.04526077097505669,-38
0.045306122448979594,-40
0.045351473922902494,-58
0.045396825396825394,-74
0.0454421768707483,-76
0.0454875283446712,-80
0.04553287981859411,-110
0.04557823129251701,-124
0.04562358276643991,-112
0.045668934240362814,-89
0.045714285714285714,-52
0.045759637188208614,-25
0.04580498866213152,4
0.04585034013605442,23
0.04589569160997732,21
0.04594104308390023,-3
0.04598639455782313,-26
0.046031746031746035,-36
0.046077097505668935,-43
0.046122448979591835,-39
0.04616780045351474,12
0.04621315192743764,35
0.04625850340136054,44
0.04630385487528345,34
0.04634920634920635,38
0.04639455782312925,48
0.046439909297052155,27
0.046485260770975055,25
0.04653061224489796,12
0.04657596371882086,20
0.04662131519274376,33
0.04666666666666667,43
0.04671201814058957,72
0.04675736961451247,72
0.046802721088435376,77
0.046848072562358276,82
0.04689342403628118,64
0.04693877551020408,61
0.04698412698412698,63
0.04702947845804989,86
0.04707482993197279,85
0.04712018140589569,66
0.047165532879818596,57
0.047210884353741496,51
0.047256235827664396,50
0.0473015873015873,21
0.0473469387755102,26
0.04739229024943311,20
0.04743764172335601,16
0.04748299319727891,37
0.047528344671201816,53
0.047573696145124716,70
0.047619047619047616,67
0.04766439909297052,84
0.04770975056689342,94
0.04775510204081632,81
0.04780045351473923,68
0.04784580498866213,42
0.04789115646258504,58
0.04793650793650794,75
0.04798185941043084,56
0.048027210884353744,53
0.048072562358276644,50
0.048117913832199544,42
0.04816326530612245,42
0.04820861678004535,41
0.04825396825396826,36
0.04829931972789116,52
0.04834467120181406,60
0.048390022675736964,49
0.048435374149659864,41
0.048480725623582764,26
0.04852607709750567,49
0.04857142857142857,71
0.04861678004535147,69
0.04866213151927438,47
0.04870748299319728,41
0.048752834467120185,35
0.048798185941043085,58
0.048843537414965985,52
0.04888888888888889,-1
0.04893424036281179,-52
0.04897959183673469,-64
0.0490249433106576,-18
0.0490702947845805,5
0.0491156462585034,5
0.049160997732426305,10
0.049206349206349205,-11
0.04925170068027211,-36
0.04929705215419501,0
0.04934240362811791,24
0.04938775510204082,44
0.04943310657596372,41
0.04947845804988662,6
0.049523809523809526,-8
0.049569160997732425,-23
0.049614512471655325,-12
0.04965986394557823,-8
0.04970521541950113,-28
0.04975056689342404,-24
0.04979591836734694,-34
0.04984126984126984,-37
0.049886621315192746,-22
0.049931972789115646,-18
0.049977324263038546,-5
0.05002267573696145,4
0.05006802721088435,-5
0.05011337868480726,-12
0.05015873015873016,-17
0.05020408163265306,-8
0.050249433106575966,-15
0.050294784580498866,-2
0.050340136054421766,-16
0.05038548752834467,-57
0.05043083900226757,-90
0.05047619047619047,-92
0.05052154195011338,-91
0.05056689342403628,-62
0.05061224489795919,-39
0.05065759637188209,-17
0.05070294784580499,4
0.050748299319727894,19
0.050793650793650794,33
0.050839002267573694,47
0.0508843537414966,40
0.0509297052154195,23
0.0509750566893424,12
0.05102040816326531,-22
0.05106575963718821,-38
0.051111111111111114,-27
0.051156462585034014,1
0.051201814058956914,1
0.05124716553287982,4
0.05129251700680272,6
0.05133786848072562,3
0.05138321995464853,-3
0.05142857142857143,7
0.05147392290249433,13
0.051519274376417235,16
0.051564625850340134,39
0.05160997732426304,27
0.05165532879818594,29
0.05170068027210884,21
0.05174603174603175,-2
0.05179138321995465,19
0.05183673469387755,48
0.051882086167800455,62
0.051927437641723355,82
0.05197278911564626,52
0.05201814058956916,14
0.05206349206349206,-13
0.05210884353741497,-7
0.05215419501133787,46
0.05219954648526077,79
0.052244897959183675,77
0.052290249433106575,77
0.052335600907029475,68
0.05238095238095238,68
0.05242630385487528,102
0.05247165532879819,106
0.05251700680272109,91
0.05256235827664399,66
0.052607709750566896,21
0.052653061224489796,-6
0.052698412698412696,-18
0.0527437641723356,-36
0.0527891156462585,-41
0.0528344671201814,-46
0.05287981859410431,-47
0.05292517006802721,-56
0.052970521541950116,-35
0.053015873015873016,10
0.053061224489795916,4
0.05310657596371882,-22
0.05315192743764172,-52
0.05319727891156462,-77
0.05324263038548753,-106
0.05328798185941043,-127
0.05333333333333334,-137
0.05337868480725624,-141
0.05342403628117914,-108
0.053469387755102044,-68
0.053514739229024944,-62
0.05356009070294784,-58
0.05360544217687075,-66
0.05365079365079365,-48
0.05369614512471655,-35
0.05374149659863946,-48
0.05378684807256236,-38
0.053832199546485264,-37
0.053877551020408164,-18
0.053922902494331064,2
0.05396825396825397,3
0.05401360544217687,5
0.05405895691609977,-8
0.05410430839002268,-13
0.05414965986394558,-38
0.05419501133786848,-46
0.054240362811791384,-45
0.054285714285714284,-32
0.05433106575963719,-16
0.05437641723356009,3
0.05442176870748299,5
0.0544671201814059,-16
0.0545124716553288,-54
0.0545578231292517,-75
0.054603174603174605,-102
0.054648526077097505,-104
0.054693877551020405,-75
0.05473922902494331,-48
0.05478458049886621,-27
0.05482993197278912,-39
0.05487528344671202,-63
0.05492063492063492,-102
0.054965986394557825,-121
0.055011337868480725,-115
0.055056689342403625,-119
0.05510204081632653,-120
0.05514739229024943,-113
0.05519274376417234,-115
0.05523809523809524,-104
0.05528344671201814,-113
0.055328798185941046,-92
0.055374149659863946,-47
0.055419501133786846,-27
0.05546485260770975,3
0.05551020408163265,25
0.05555555555555555,63
0.05560090702947846,77
0.05564625850340136,60
0.055691609977324266,71
0.055736961451247166,67
0.055782312925170066,62
0.05582766439909297,56
0.05587301587301587,60
0.05591836734693877,65
0.05596371882086168,58
0.05600907029478458,26
0.05605442176870748,1
0.05609977324263039,2
0.05614512471655329,-12
0.05619047619047619,9
0.05623582766439909,57
0.05628117913832199,52
0.0563265306122449,33
0.0563718820861678,18
0.0564172335600907,-5
0.05646258503401361,-13
0.05650793650793651,-18
0.05655328798185941,8
0.056598639455782314,40
0.056643990929705214,53
0.05668934240362812,61
0.05673469387755102,46
0.05678004535147392,28
0.05682539682539683,20
0.05687074829931973,21
0.05691609977324263,11
0.056961451247165534,15
0.057006802721088434,35
0.05705215419501134,55
0.05709750566893424,58
0.05714285714285714,49
0.05718820861678005,32
0.05723356009070295,7
0.05727891156462585,-15
0.057324263038548755,-23
0.057369614512471655,10
0.057414965986394555,20
0.05746031746031746,30
0.05750566893424036,40
0.05755102040816327,37
0.05759637188208617,44
0.05764172335600907,45
0.057687074829931975,19
0.057732426303854875,14
0.057777777777777775,16
0.05782312925170068,26
0.05786848072562358,58
0.05791383219954648,88
0.05795918367346939,83
0.05800453514739229,56
0.058049886621315196,52
0.058095238095238096,34
0.058140589569160996,48
0.0581859410430839,45
0.0582312925170068,42
0.0582766439909297,45
0.05832199546485261,6
0.05836734693877551,-9
0.058412698412698416,-3
0.058458049886621316,9
0.058503401360544216,6
0.05854875283446712,6
0.05859410430839002,13
0.05863945578231292,24
0.05868480725623583,-3
0.05873015873015873,-7
0.05877551020408163,-9
0.058820861678004537,-27
0.058866213151927436,-27
0.05891156462585034,-45
0.05895691609977324,-65
0.05900226757369614,-85
0.05904761904761905,-80
0.05909297052154195,-74
0.05913832199546485,-91
0.05918367346938776,-86
0.05922902494331066,-58
0.05927437641723356,-45
0.059319727891156464,-26
0.059365079365079364,-27
0.05941043083900227,-30
0.05945578231292517,-28
0.05950113378684807,-37
0.05954648526077098,-16
0.05959183673469388,-21
0.05963718820861678,-20
0.059682539682539684,-19
0.059727891156462584,-18
0.059773242630385484,-8
0.05981859410430839,-23
0.05986394557823129,-45
0.0599092970521542,-33
0.0599546485260771,-27
0.06,-30
0.060045351473922905,-17
0.060090702947845805,-17
0.060136054421768705,-7
0.06018140589569161,17
0.06022675736961451,32
0.06027210884353742,29
0.06031746031746032,12
0.06036281179138322,39
0.060408163265306125,63
0.060453514739229025,48
0.060498866213151925,36
0.06054421768707483,33
0.06058956916099773,51
0.06063492063492063,65
0.06068027210884354,66
0.06072562358276644,73
0.060770975056689346,28
0.060816326530612246,8
0.060861678004535145,4
0.06090702947845805,24
0.06095238095238095,62
0.06099773242630385,69
0.06104308390022676,76
0.06108843537414966,86
0.06113378684807256,68
0.061179138321995466,66
0.061224489795918366,58
0.06126984126984127,73
0.06131519274376417,64
0.06136054421768707,84
0.06140589569160998,107
0.06145124716553288,114
0.06149659863945578,107
0.061541950113378686,74
0.061587301587301586,41
0.061632653061224486,37
0.06167800453514739,32
0.06172335600907029,15
0.0617687074829932,13
0.0618140589569161,16
0.061859410430839,19
0.06190476190476191,34
0.06195011337868481,25
0.06199546485260771,2
0.062040816326530614,9
0.062086167800453514,17
0.06213151927437642,12
0.06217687074829932,27
0.06222222222222222,6
0.06226757369614513,-12
0.06231292517006803,-21
0.06235827664399093,-34
0.062403628117913834,-28
0.062448979591836734,-31
0.062494331065759634,-65
0.06253968253968253,-64
0.06258503401360545,-84
0.06263038548752835,-66
0.06267573696145125,-36
0.06272108843537415,-42
0.06276643990929705,-51
0.06281179138321996,-74
0.06285714285714286,-87
0.06290249433106576,-61
0.06294784580498866,-33
0.06299319727891156,-30
0.06303854875283446,-51
0.06308390022675738,-25
0.06312925170068028,-3
0.06317460317460317,31
0.06321995464852607,60
0.06326530612244897,41
0.06331065759637189,30
0.06335600907029479,15
0.06340136054421769,21
0.06344671201814059,40
0.06349206349206349,20
0.06353741496598639,4
0.0635827664399093,-14
0.0636281179138322,-33
0.0636734693877551,-26
0.063718820861678,-13
0.0637641723356009,0
0.06380952380952382,-1
0.06385487528344672,41
0.06390022675736962,48
0.06394557823129252,44
0.06399092970521542,37
0.06403628117913832,0
0.06408163265306123,-40
0.06412698412698413,-44
0.06417233560090703,-21
0.06421768707482993,-15
0.06426303854875283,-24
0.06430839002267574,-30
0.06435374149659864,-34
0.06439909297052154,-56
0.06444444444444444,-40
0.06448979591836734,-39
0.06453514739229024,-27
0.06458049886621316,-21
0.06462585034013606,-21
0.06467120181405896,7
0.06471655328798186,35
0.06476190476190476,58
0.06480725623582767,81
0.06485260770975057,80
0.06489795918367347,72
0.06494331065759637,83
0.06498866213151927,75
0.06503401360544217,59
0.06507936507936508,47
0.06512471655328798,11
0.06517006802721088,-7
0.06521541950113378,-36
0.06526077097505668,-52
0.0653061224489796,-58
0.0653514739229025,-25
0.0653968253968254,-9
0.0654421768707483,-18
0.0654875283446712,-26
0.0655328798185941,-26
0.06557823129251701,-17
0.06562358276643991,-21
0.06566893424036281,-22
0.06571428571428571,-7
0.06575963718820861,-14
0.06580498866213152,-39
0.06585034013605442,-37
0.06589569160997732,-41
0.06594104308390022,-37
0.06598639455782312,-37
0.06603174603174604,-38
0.06607709750566894,-75
0.06612244897959184,-115
0.06616780045351474,-134
0.06621315192743764,-157
0.06625850340136054,-143
0.06630385487528345,-130
0.06634920634920635,-94
0.06639455782312925,-70
0.06643990929705215,-34
0.06648526077097505,16
0.06653061224489797,1
0.06657596371882087,-18
0.06662131519274377,-35
0.06666666666666667,-50
0.06671201814058957,-41
0.06675736961451247,-5
0.06680272108843538,8
0.06684807256235828,8
0.06689342403628118,1
0.06693877551020408,-12
0.06698412698412698,-32
0.0670294784580499,-42
0.0670748299319728,-62
0.06712018140589569,-34
0.06716553287981859,-1
0.06721088435374149,16
0.06725623582766439,24
0.0673015873015873,23
0.0673469387755102,28
0.0673922902494331,20
0.067437641723356,11
0.0674829931972789,31
0.06752834467120182,45
0.06757369614512472,61
0.06761904761904762,68
0.06766439909297052,63
0.06770975056689342,59
0.06775510204081632,54
0.06780045351473923,56
0.06784580498866213,47
0.06789115646258503,61
0.06793650793650793,52
0.06798185941043083,52
0.06802721088435375,48
0.06807256235827665,39
0.06811791383219955,53
0.06816326530612245,31
0.06820861678004535,16
0.06825396825396825,22
0.06829931972789116,30
0.06834467120181406,63
0.06839002267573696,68
0.06843537414965986,71
0.06848072562358276,48
0.06852607709750567,24
0.06857142857142857,21
0.06861678004535147,17
0.06866213151927437,31
0.06870748299319727,27
0.06875283446712017,49
0.06879818594104309,61
0.06884353741496599,61
0.06888888888888889,36
0.06893424036281179,33
0.06897959183673469,43
0.0690249433106576,55
0.0690702947845805,62
0.0691156462585034,70
0.0691609977324263,87
0.0692063492063492,90
0.0692517006802721,59
0.06929705215419502,29
0.06934240362811792,16
0.06938775510204082,-7
0.06943310657596372,-29
0.06947845804988662,-20
0.06952380952380953,2
0.06956916099773243,13
0.06961451247165533,24
0.06965986394557823,6
0.06970521541950113,2
0.06975056689342404,-45
0.06979591836734694,-63
0.06984126984126984,-72
0.06988662131519274,-61
0.06993197278911564,-39
0.06997732426303854,-23
0.07002267573696146,-17
0.07006802721088436,-22
0.07011337868480726,-13
0.07015873015873016,-7
0.07020408163265306,-4
0.07024943310657597,0
0.07029478458049887,-62
0.07034013605442177,-96
0.07038548752834467,-81
0.07043083900226757,-45
0.07047619047619047,-21
0.07052154195011338,-14
0.07056689342403628,-40
0.07061224489795918,-48
0.07065759637188208,-20
0.07070294784580498,10
0.0707482993197279,2
0.0707936507936508,-4
0.0708390022675737,-10
0.0708843537414966,-15
0.0709297052154195,-2
0.0709750566893424,-9
0.07102040816326531,-34
0.07106575963718821,-36
0.07111111111111111,-30
0.07115646258503401,-12
0.07120181405895691,3
0.07124716553287982,-6
0.07129251700680272,-31
0.07133786848072562,-62
0.07138321995464852,-54
0.07142857142857142,-30
0.07147392290249432,-41
0.07151927437641724,-43
0.07156462585034014,-58
0.07160997732426304,-41
0.07165532879818594,-19
0.07170068027210884,-4
0.07174603174603175,-4
0.07179138321995465,-15
0.07183673469387755,-12
0.07188208616780045,-5
0.07192743764172335,18
0.07197278911564625,31
0.07201814058956917,16
0.07206349206349207,-14
0.07210884353741497,-27
0.07215419501133787,-15
0.07219954648526077,-30
0.07224489795918368,-44
0.07229024943310658,-18
0.07233560090702948,12
0.07238095238095238,45
0.07242630385487528,46
0.07247165532879818,24
0.07251700680272109,0
0.07256235827664399,-8
0.07260770975056689,14
0.07265306122448979,26
0.07269841269841269,18
0.0727437641723356,10
0.0727891156462585,2
0.0728344671201814,-1
0.0728798185941043,-6
0.0729251700680272,-24
0.07297052154195012,-2
0.07301587301587302,19
0.07306122448979592,37
0.07310657596371882,54
0.07315192743764172,41
0.07319727891156462,38
0.07324263038548753,9
0.07328798185941043,18
0.07333333333333333,40
0.07337868480725623,33
0.07342403628117913,44
0.07346938775510205,25
0.07351473922902495,0
0.07356009070294785,43
0.07360544217687075,76
0.07365079365079365,110
0.07369614512471655,107
0.07374149659863946,104
0.07378684807256236,104
0.07383219954648526,97
0.07387755102040816,91
0.07392290249433106,109
0.07396825396825397,85
0.07401360544217687,28
0.07405895691609977,12
0.07410430839002267,27
0.07414965986394557,34
0.07419501133786847,40
0.07424036281179139,36
0.07428571428571429,48
0.07433106575963719,64
0.07437641723356009,63
0.07442176870748299,29
0.0744671201814059,7
0.0745124716553288,25
0.0745578231292517,39
0.0746031746031746,20
0.0746485260770975,32
0.0746938775510204,-2
0.07473922902494332,-15
0.07478458049886622,-11
0.07482993197278912,-4
0.07487528344671202,16
0.07492063492063492,21
0.07496598639455783,32
0.07501133786848073,12
0.07505668934240363,8
0.07510204081632653,15
0.07514739229024943,22
0.07519274376417233,12
0.07523809523809524,-2
0.07528344671201814,14
0.07532879818594104,-7
0.07537414965986394,-1
0.07541950113378684,-8
0.07546485260770976,-38
0.07551020408163266,-26
0.07555555555555556,-32
0.07560090702947846,-37
0.07564625850340136,-44
0.07569160997732426,-65
0.07573696145124717,-45
0.07578231292517007,-33
0.07582766439909297,-2
0.07587301587301587,13
0.07591836734693877,30
0.07596371882086168,13
0.07600907029478458,-5
0.07605442176870748,-10
0.07609977324263038,-18
0.07614512471655328,-35
0.0761904761904762,-44
0.0762358276643991,-57
0.076281179138322,-81
0.0763265306122449,-69
0.0763718820861678,-75
0.0764172335600907,-99
0.07646258503401361,-76
0.07650793650793651,-64
0.07655328798185941,-56
0.07659863945578231,-40
0.07664399092970521,-25
0.07668934240362812,-7
0.07673469387755102,0
0.07678004535147392,12
0.07682539682539682,33
0.07687074829931972,54
0.07691609977324262,54
0.07696145124716554,49
0.07700680272108844,56
0.07705215419501134,62
0.07709750566893424,84
0.07714285714285714,95
0.07718820861678005,59
0.07723356009070295,39
0.07727891156462585,55
0.07732426303854875,55
0.07736961451247165,25
0.07741496598639455,-21
0.07746031746031747,-36
0.07750566893424037,-38
0.07755102040816327,-40
0.07759637188208617,-44
0.07764172335600907,-42
0.07768707482993198,-43
0.07773242630385488,-14
0.07777777777777778,32
0.07782312925170068,33
0.07786848072562358,22
0.07791383219954648,28
0.07795918367346939,51
0.07800453514739229,68
0.07804988662131519,50
0.07809523809523809,42
0.07814058956916099,34
0.0781859410430839,62
0.0782312925170068,86
0.0782766439909297,83
0.0783219954648526,83
0.0783673469387755,45
0.0784126984126984,25
0.07845804988662132,9
0.07850340136054422,-14
0.07854875283446712,-3
0.07859410430839002,14
0.07863945578231292,-6
0.07868480725623583,-36
0.07873015873015873,-33
0.07877551020408163,-18
0.07882086167800453,-2
0.07886621315192743,12
0.07891156462585033,7
0.07895691609977325,2
0.07900226757369615,-14
0.07904761904761905,-20
0.07909297052154195,-40
0.07913832199546485,-53
0.07918367346938776,-55
0.07922902494331066,-58
0.07927437641723356,-45
0.07931972789115646,-32
0.07936507936507936,-21
0.07941043083900227,-12
0.07945578231292517,-31
0.07950113378684807,-45
0.07954648526077097,11
0.07959183673469387,34
0.07963718820861677,33
0.07968253968253969,69
0.07972789115646259,41
0.07977324263038549,7
0.07981859410430839,-18
0.07986394557823129,-49
0.0799092970521542,-43
0.0799546485260771,-44
0.08,-53
0.0800453514739229,-20
0.0800907029478458,5
0.0801360544217687,23
0.08018140589569162,29
0.08022675736961452,28
0.08027210884353742,27
0.08031746031746032,18
0.08036281179138322,30
0.08040816326530613,6
0.08045351473922903,7
0.08049886621315193,37
0.08054421768707483,11
0.08058956916099773,-15
0.08063492063492063,-43
0.08068027210884354,-39
0.08072562358276644,-44
0.08077097505668934,-29
0.08081632653061224,-14
0.08086167800453514,-19
0.08090702947845806,-36
0.08095238095238096,-34
0.08099773242630386,-11
0.08104308390022676,-4
0.08108843537414966,17
0.08113378684807256,48
0.08117913832199547,68
0.08122448979591837,73
0.08126984126984127,58
0.08131519274376417,63
0.08136054421768707,65
0.08140589569160998,55
0.08145124716553288,36
0.08149659863945578,5
0.08154195011337868,6
0.08158730158730158,22
0.08163265306122448,43
0.0816780045351474,27
0.0817233560090703,-1
0.0817687074829932,2
0.0818140589569161,21
0.081859410430839,17
0.08190476190476191,-1
0.08195011337868481,-12
0.08199546485260771,2
0.08204081632653061,24
0.08208616780045351,9
0.08213151927437641,6
0.08217687074829932,-2
0.08222222222222222,1
0.08226757369614512,-12
0.08231292517006802,-54
0.08235827664399092,-62
0.08240362811791384,-39
0.08244897959183674,-7
0.08249433106575964,4
0.08253968253968254,16
0.08258503401360544,25
0.08263038548752834,29
0.08267573696145125,45
0.08272108843537415,53
0.08276643990929705,26
0.08281179138321995,-13
0.08285714285714285,-12
0.08290249433106577,-13
0.08294784580498867,-11
0.08299319727891157,7
0.08303854875283447,-2
0.08308390022675737,-4
0.08312925170068028,-8
0.08317460317460318,-23
0.08321995464852608,-30
0.08326530612244898,-24
0.08331065759637188,-57
0.08335600907029478,-91
0.08340136054421769,-93
0.08344671201814059,-74
0.08349206349206349,-24
0.08353741496598639,-19
0.08358276643990929,-23
0.0836281179138322,-32
0.0836734693877551,-19
0.083718820861678,1
0.0837641723356009,4
0.0838095238095238,16
0.0838548752834467,3
0.08390022675736962,-36
0.08394557823129252,-48
0.08399092970521542,-48
0.08403628117913832,-41
0.08408163265306122,-38
0.08412698412698413,-38
0.08417233560090703,-11
0.08421768707482993,-5
0.08426303854875283,18
0.08430839002267573,38
0.08435374149659863,48
0.08439909297052155,54
0.08444444444444445,57
0.08448979591836735,33
0.08453514739229025,15
0.08458049886621315,-3
0.08462585034013606,-16
0.08467120181405896,-18
0.08471655328798186,-25
0.08476190476190476,-7
0.08480725623582766,-18
0.08485260770975056,-36
0.08489795918367347,-64
0.08494331065759637,-93
0.08498866213151927,-103
0.08503401360544217,-97
0.08507936507936507,-94
0.08512471655328799,-82
0.08517006802721089,-85
0.08521541950113379,-100
0.08526077097505669,-57
0.08530612244897959,-42
0.08535147392290249,-43
0.0853968253968254,-34
0.0854421768707483,-15
0.0854875283446712,21
0.0855328798185941,37
0.085578231292517,11
0.08562358276643992,3
0.08566893424036282,-11
0.08571428571428572,-4
0.08575963718820862,-8
0.08580498866213151,-27
0.08585034013605441,-18
0.08589569160997733,-1
0.08594104308390023,14
0.08598639455782313,26
0.08603174603174603,26
0.08607709750566893,34
0.08612244897959184,37
0.08616780045351474,50
0.08621315192743764,72
0.08625850340136054,84
0.08630385487528344,83
0.08634920634920636,55
0.08639455782312926,25
0.08643990929705216,33
0.08648526077097506,49
0.08653061224489796,42
0.08657596371882086,18
0.08662131519274377,21
0.08666666666666667,39
0.08671201814058957,38
0.08675736961451247,14
0.08680272108843537,-9
0.08684807256235828,-41
0.08689342403628118,-57
0.08693877551020408,-74
0.08698412698412698,-92
0.08702947845804988,-105
0.08707482993197278,-94
0.0871201814058957,-68
0.0871655328798186,-37
0.0872108843537415,-41
0.0872562358276644,-61
0.0873015873015873,-60
0.08734693877551021,-47
0.08739229024943311,-10
0.08743764172335601,8
0.08748299319727891,-30
0.08752834467120181,-63
0.08757369614512471,-92
0.08761904761904762,-94
0.08766439909297052,-76
0.08770975056689342,-99
0.08775510204081632,-93
0.08780045351473922,-111
0.08784580498866214,-134
0.08789115646258504,-114
0.08793650793650794,-109
0.08798185941043084,-115
0.08802721088435374,-110
0.08807256235827664,-96
0.08811791383219955,-55
0.08816326530612245,-27
0.08820861678004535,-34
0.08825396825396825,-40
0.08829931972789115,-39
0.08834467120181407,-31
0.08839002267573697,-39
0.08843537414965986,-73
0.08848072562358276,-91
0.08852607709750566,-95
0.08857142857142856,-99
0.08861678004535148,-109
0.08866213151927438,-127
0.08870748299319728,-108
0.08875283446712018,-111
0.08879818594104308,-105
0.08884353741496599,-74
0.08888888888888889,-32
0.08893424036281179,-12
0.08897959183673469,4
0.08902494331065759,-12
0.08907029478458049,-2
0.0891156462585034,0
0.0891609977324263,-4
0.0892063492063492,16
0.0892517006802721,10
0.089297052154195,-2
0.08934240362811792,-9
0.08938775510204082,-3
0.08943310657596372,33
0.08947845804988662,49
0.08952380952380952,48
0.08956916099773243,22
0.08961451247165533,-7
0.08965986394557823,-22
0.08970521541950113,-23
0.08975056689342403,6
0.08979591836734693,16
0.08984126984126985,30
0.08988662131519275,39
0.08993197278911565,32
0.08997732426303855,30
0.09002267573696145,18
0.09006802721088436,-7
0.09011337868480726,-12
0.09015873015873016,7
0.09020408163265306,-10
0.09024943310657596,0
0.09029478458049886,0
0.09034013605442177,-21
0.09038548752834467,-26
0.09043083900226757,-37
0.09047619047619047,-26
0.09052154195011337,21
0.09056689342403629,64
0.09061224489795919,61
0.09065759637188209,50
0.09070294784580499,48
0.09074829931972789,30
0.09079365079365079,10
0.0908390022675737,4
0.0908843537414966,-15
0.0909297052154195,-22
0.0909750566893424,10
0.0910204081632653,55
0.09106575963718821,63
0.09111111111111111,33
0.09115646258503401,-25
0.09120181405895691,-34
0.09124716553287981,-11
0.09129251700680271,-4
0.09133786848072563,0
0.09138321995464853,20
0.09142857142857143,46
0.09147392290249433,52
0.09151927437641723,46
0.09156462585034014,49
0.09160997732426304,88
0.09165532879818594,108
0.09170068027210884,92
0.09174603174603174,102
0.09179138321995464,95
0.09183673469387756,75
0.09188208616780046,49
0.09192743764172336,17
0.09197278911564626,-12
0.09201814058956916,-53
0.09206349206349207,-47
0.09210884353741497,-54
0.09215419501133787,-39
0.09219954648526077,-21
0.09224489795918367,-22
0.09229024943310657,-9
0.09233560090702948,0
0.09238095238095238,-23
0.09242630385487528,-14
0.09247165532879818,-7
0.09251700680272108,-14
0.092562358276644,-21
0.0926077097505669,-31
0.0926530612244898,-52
0.0926984126984127,-68
0.0927437641723356,-87
0.0927891156462585,-46
0.09283446712018141,-10
0.09287981859410431,9
0.09292517006802721,35
0.09297052154195011,35
0.09301587301587301,35
0.09306122448979592,24
0.09310657596371882,10
0.09315192743764172,-7
0.09319727891156462,-34
0.09324263038548752,-6
0.09328798185941044,0
0.09333333333333334,-5
0.09337868480725624,-2
0.09342403628117914,-26
0.09346938775510204,-41
0.09351473922902494,-70
0.09356009070294785,-90
0.09360544217687075,-91
0.09365079365079365,-94
0.09369614512471655,-76
0.09374149659863945,-66
0.09378684807256236,-52
0.09383219954648526,-25
0.09387755102040816,15
0.09392290249433106,25
0.09396825396825396,36
0.09401360544217686,26
0.09405895691609978,29
0.09410430839002268,48
0.09414965986394558,85
0.09419501133786848,107
0.09424036281179138,90
0.09428571428571429,66
0.09433106575963719,41
0.09437641723356009,29
0.09442176870748299,40
0.09446712018140589,53
0.09451247165532879,45
0.0945578231292517,51
0.0946031746031746,76
0.0946485260770975,79
0.0946938775510204,72
0.0947392290249433,52
0.09478458049886622,18
0.09482993197278912,27
0.09487528344671202,16
0.09492063492063492,25
0.09496598639455782,35
0.09501133786848072,32
0.09505668934240363,25
0.09510204081632653,8
0.09514739229024943,16
0.09519274376417233,21
0.09523809523809523,15
0.09528344671201815,5
0.09532879818594105,8
0.09537414965986395,3
0.09541950113378685,-13
0.09546485260770975,-38
0.09551020408163265,-70
0.09555555555555556,-74
0.09560090702947846,-93
0.09564625850340136,-90
0.09569160997732426,-66
0.09573696145124716,-52
0.09578231292517007,-51
0.09582766439909297,-72
0.09587301587301587,-94
0.09591836734693877,-101
0.09596371882086167,-94
0.09600907029478457,-51
0.09605442176870749,-6
0.09609977324263039,14
0.09614512471655329,16
0.09619047619047619,-16
0.09623582766439909,-44
0.096281179138322,-57
0.0963265306122449,-82
0.0963718820861678,-105
0.0964172335600907,-126
0.0964625850340136,-114
0.09650793650793651,-103
0.09655328798185941,-102
0.09659863945578231,-82
0.09664399092970521,-64
0.09668934240362811,-46
0.09673469387755101,-73
0.09678004535147393,-101
0.09682539682539683,-108
0.09687074829931973,-113
0.09691609977324263,-87
0.09696145124716553,-84
0.09700680272108844,-82
0.09705215419501134,-92
0.09709750566893424,-104
0.09714285714285714,-88
0.09718820861678004,-63
0.09723356009070294,-49
0.09727891156462586,-43
0.09732426303854876,-16
0.09736961451247166,-17
0.09741496598639456,-2
0.09746031746031746,19
0.09750566893424037,14
0.09755102040816327,7
0.09759637188208617,18
0.09764172335600907,15
0.09768707482993197,10
0.09773242630385487,17
0.09777777777777778,35
0.09782312925170068,65
0.09786848072562358,78
0.09791383219954648,49
0.09795918367346938,15
0.0980045351473923,17
0.0980498866213152,32
0.0980952380952381,23
0.098140589569161,27
0.0981859410430839,53
0.0982312925170068,93
0.09827664399092971,107
0.09832199546485261,82
0.09836734693877551,74
0.09841269841269841,84
0.09845804988662131,77
0.09850340136054422,88
0.09854875283446712,114
0.09859410430839002,144
0.09863945578231292,149
0.09868480725623582,141
0.09873015873015872,127
0.09877551020408164,118
0.09882086167800454,128
0.09886621315192744,116
0.09891156462585034,82
0.09895691609977324,46
0.09900226757369615,34
0.09904761904761905,13
0.09909297052154195,17
0.09913832199546485,47
0.09918367346938775,40
0.09922902494331065,49
0.09927437641723356,74
0.09931972789115646,56
0.09936507936507936,21
0.09941043083900226,-13
0.09945578231292516,-36
0.09950113378684808,-16
0.09954648526077098,7
0.09959183673469388,23
0.09963718820861678,25
0.09968253968253968,34
0.09972789115646259,39
0.09977324263038549,4
0.09981859410430839,-24
0.09986394557823129,-37
0.09990929705215419,-34
0.09995464852607709,-41
0.1,-50
0.1000453514739229,-64
0.1000907029478458,-64
0.1001360544217687,-37
0.1001814058956916,-4
0.10022675736961452,18
0.10027210884353742,-15
0.10031746031746032,-29
0.10036281179138322,-5
0.10040816326530612,34
0.10045351473922902,36
0.10049886621315193,19
0.10054421768707483,16
0.10058956916099773,-8
0.10063492063492063,-9
0.10068027210884353,17
0.10072562358276645,32
0.10077097505668935,35
0.10081632653061225,29
0.10086167800453515,22
0.10090702947845805,19
0.10095238095238095,23
0.10099773242630386,9
0.10104308390022676,3
0.10108843537414966,6
0.10113378684807256,4
0.10117913832199546,-3
0.10122448979591837,-25
0.10126984126984127,-61
0.10131519274376417,-96
0.10136054421768707,-84
0.10140589569160997,-50
0.10145124716553287,-14
0.10149659863945579,-1
0.10154195011337869,-23
0.10158730158730159,-19
0.10163265306122449,-27
0.10167800453514739,-11
0.1017233560090703,23
0.1017687074829932,73
0.1018140589569161,60
0.101859410430839,78
0.1019047619047619,84
0.1019501133786848,45
0.10199546485260771,48
0.10204081632653061,-3
0.10208616780045351,-11
0.10213151927437641,-10
0.10217687074829931,-22
0.10222222222222223,-3
0.10226757369614513,-10
0.10231292517006803,14
0.10235827664399093,51
0.10240362811791383,69
0.10244897959183673,88
0.10249433106575964,79
0.10253968253968254,48
0.10258503401360544,16
0.10263038548752834,13
0.10267573696145124,6
0.10272108843537416,-5
0.10276643990929706,-26
0.10281179138321996,-17
0.10285714285714286,6
0.10290249433106576,25
0.10294784580498866,30
0.10299319727891157,11
0.10303854875283447,20
0.10308390022675737,19
0.10312925170068027,51
0.10317460317460317,84
0.10321995464852608,107
0.10326530612244898,92
0.10331065759637188,34
0.10335600907029478,-17
0.10340136054421768,-63
0.1034467120181406,-79
0.1034920634920635,-60
0.1035374149659864,-20
0.1035827664399093,2
0.1036281179138322,-2
0.1036734693877551,-30
0.10371882086167801,-37
0.10376417233560091,-33
0.10380952380952381,-34
0.10385487528344671,-3
0.10390022675736961,16
0.10394557823129252,39
0.10399092970521542,42
0.10403628117913832,29
0.10408163265306122,67
0.10412698412698412,88
0.10417233560090702,109
0.10421768707482994,89
0.10426303854875284,67
0.10430839002267574,53
0.10435374149659864,14
0.10439909297052154,14
0.10444444444444445,27
0.10448979591836735,22
0.10453514739229025,13
0.10458049886621315,12
0.10462585034013605,28
0.10467120181405895,31
0.10471655328798186,17
0.10476190476190476,11
0.10480725623582766,8
0.10485260770975056,-1
0.10489795918367346,5
0.10494331065759638,15
0.10498866213151928,19
0.10503401360544218,52
0.10507936507936508,64
0.10512471655328798,64
0.10517006802721088,41
0.10521541950113379,27
0.10526077097505669,15
0.10530612244897959,-1
0.10535147392290249,-6
0.10539682539682539,-11
0.1054421768707483,-8
0.1054875283446712,2
0.1055328798185941,11
0.105578231292517,26
0.1056235827664399,11
0.1056689342403628,-18
0.10571428571428572,-34
0.10575963718820862,-12
0.10580498866213152,8
0.10585034013605442,19
0.10589569160997732,25
0.10594104308390023,24
0.10598639455782313,25
0.10603174603174603,13
0.10607709750566893,-12
0.10612244897959183,-39
0.10616780045351473,-72
0.10621315192743765,-81
0.10625850340136055,-56
0.10630385487528345,-35
0.10634920634920635,-10
0.10639455782312925,-9
0.10643990929705216,-33
0.10648526077097506,-39
0.10653061224489796,-20
0.10657596371882086,-18
0.10662131519274376,-54
0.10666666666666667,-55
0.10671201814058957,-23
0.10675736961451247,4
0.10680272108843537,28
0.10684807256235827,25
0.10689342403628117,28
0.10693877551020409,33
0.10698412698412699,40
0.10702947845804989,36
0.10707482993197279,-2
0.10712018140589569,-20
0.1071655328798186,-44
0.1072108843537415,-73
0.1072562358276644,-61
0.1073015873015873,-40
0.1073469387755102,-32
0.1073922902494331,-29
0.10743764172335601,-13
0.10748299319727891,-35
0.10752834467120181,-58
0.10757369614512471,-51
0.10761904761904761,-41
0.10766439909297053,-23
0.10770975056689343,-32
0.10775510204081633,-64
0.10780045351473923,-96
0.10784580498866213,-101
0.10789115646258503,-75
0.10793650793650794,-55
0.10798185941043084,-43
0.10802721088435374,-26
0.10807256235827664,-24
0.10811791383219954,-37
0.10816326530612246,-28
0.10820861678004536,13
0.10825396825396826,32
0.10829931972789116,-1
0.10834467120181406,-38
0.10839002267573696,-57
0.10843537414965987,-65
0.10848072562358277,-53
0.10852607709750567,-36
0.10857142857142857,-14
0.10861678004535147,22
0.10866213151927438,11
0.10870748299319728,2
0.10875283446712018,10
0.10879818594104308,9
0.10884353741496598,18
0.10888888888888888,14
0.1089342403628118,8
0.1089795918367347,-10
0.1090249433106576,-28
0.1090702947845805,-10
0.1091156462585034,26
0.10916099773242631,46
0.10920634920634921,7
0.10925170068027211,-5
0.10929705215419501,16
0.10934240362811791,27
0.10938775510204081,39
0.10943310657596372,62
0.10947845804988662,63
0.10952380952380952,34
0.10956916099773242,-1
0.10961451247165532,-29
0.10965986394557824,-28
0.10970521541950114,-5
0.10975056689342404,12
0.10979591836734694,20
0.10984126984126984,-5
0.10988662131519275,-51
0.10993197278911565,-68
0.10997732426303855,-54
0.11002267573696145,-51
0.11006802721088435,-63
0.11011337868480725,-87
0.11015873015873016,-88
0.11020408163265306,-55
0.11024943310657596,-29
0.11029478458049886,0
0.11034013605442176,28
0.11038548752834468,29
0.11043083900226758,24
0.11047619047619048,28
0.11052154195011338,16
0.11056689342403628,-4
0.11061224489795918,-10
0.11065759637188209,-28
0.11070294784580499,-21
0.11074829931972789,-25
0.11079365079365079,-34
0.11083900226757369,-18
0.1108843537414966,28
0.1109297052154195,35
0.1109750566893424,5
0.1110204081632653,-21
0.1110657596371882,-52
0.1111111111111111,-63
0.11115646258503402,-76
0.11120181405895692,-75
0.11124716553287982,-57
0.11129251700680272,-80
0.11133786848072562,-65
0.11138321995464853,-46
0.11142857142857143,-50
0.11147392290249433,-49
0.11151927437641723,-52
0.11156462585034013,-44
0.11160997732426303,-53
0.11165532879818595,-20
0.11170068027210885,17
0.11174603174603175,51
0.11179138321995465,91
0.11183673469387755,103
0.11188208616780046,73
0.11192743764172336,47
0.11197278911564626,16
0.11201814058956916,-10
0.11206349206349206,-6
0.11210884353741496,-14
0.11215419501133787,5
0.11219954648526077,34
0.11224489795918367,37
0.11229024943310657,-2
0.11233560090702947,-14
0.11238095238095239,-17
0.11242630385487529,-25
0.11247165532879819,-31
0.11251700680272109,-62
0.11256235827664399,-55
0.11260770975056689,-19
0.1126530612244898,15
0.1126984126984127,32
0.1127437641723356,48
0.1127891156462585,69
0.1128344671201814,69
0.11287981859410431,74
0.11292517006802721,49
0.11297052154195011,20
0.11301587301587301,9
0.11306122448979591,15
0.11310657596371881,52
0.11315192743764173,74
0.11319727891156463,50
0.11324263038548753,36
0.11328798185941043,7
0.11333333333333333,-15
0.11337868480725624,-14
0.11342403628117914,-28
0.11346938775510204,-31
0.11351473922902494,-64
0.11356009070294784,-41
0.11360544217687076,8
0.11365079365079366,47
0.11369614512471655,76
0.11374149659863945,50
0.11378684807256235,-7
0.11383219954648525,-9
0.11387755102040817,-7
0.11392290249433107,-6
0.11396825396825397,-1
0.11401360544217687,18
0.11405895691609977,16
0.11410430839002268,3
0.11414965986394558,-17
0.11419501133786848,-31
0.11424036281179138,-66
0.11428571428571428,-66
0.11433106575963718,-41
0.1143764172335601,-21
0.114421768707483,-20
0.1144671201814059,-27
0.1145124716553288,4
0.1145578231292517,38
0.11460317460317461,42
0.11464852607709751,28
0.11469387755102041,24
0.11473922902494331,35
0.11478458049886621,33
0.11482993197278911,54
0.11487528344671202,52
0.11492063492063492,72
0.11496598639455782,95
0.11501133786848072,76
0.11505668934240362,45
0.11510204081632654,29
0.11514739229024944,26
0.11519274376417234,16
0.11523809523809524,27
0.11528344671201814,68
0.11532879818594104,80
0.11537414965986395,77
0.11541950113378685,78
0.11546485260770975,63
0.11551020408163265,45
0.11555555555555555,35
0.11560090702947846,30
0.11564625850340136,15
0.11569160997732426,-1
0.11573696145124716,-2
0.11578231292517006,0
0.11582766439909296,1
0.11587301587301588,15
0.11591836734693878,4
0.11596371882086168,-14
0.11600907029478458,-16
0.11605442176870748,-30
0.11609977324263039,-17
0.11614512471655329,-22
0.11619047619047619,-15
0.11623582766439909,4
0.11628117913832199,6
0.11632653061224489,24
0.1163718820861678,11
0.1164172335600907,-6
0.1164625850340136,-23
0.1165079365079365,-43
0.1165532879818594,-30
0.11659863945578232,-18
0.11664399092970522,-10
0.11668934240362812,-11
0.11673469387755102,-8
0.11678004535147392,3
0.11682539682539683,26
0.11687074829931973,39
0.11691609977324263,16
0.11696145124716553,24
0.11700680272108843,31
0.11705215419501133,38
0.11709750566893425,59
0.11714285714285715,42
0.11718820861678005,21
0.11723356009070295,11
0.11727891156462585,4
0.11732426303854876,-11
0.11736961451247166,-45
0.11741496598639456,-103
0.11746031746031746,-106
0.11750566893424036,-78
0.11755102040816326,-45
0.11759637188208617,-35
0.11764172335600907,-46
0.11768707482993197,-58
0.11773242630385487,-49
0.11777777777777777,-30
0.11782312925170069,-16
0.11786848072562359,11
0.11791383219954649,46
0.11795918367346939,56
0.11800453514739229,82
0.11804988662131519,118
0.1180952380952381,122
0.118140589569161,104
0.1181859410430839,99
0.1182312925170068,50
0.1182766439909297,40
0.11832199546485261,30
0.11836734693877551,-3
0.11841269841269841,-3
0.11845804988662131,-4
0.11850340136054421,11
0.11854875283446711,22
0.11859410430839003,7
0.11863945578231293,-1
0.11868480725623583,-26
0.11873015873015873,-13
0.11877551020408163,13
0.11882086167800454,42
0.11886621315192744,46
0.11891156462585034,64
0.11895691609977324,97
0.11900226757369614,121
0.11904761904761904,122
0.11909297052154195,119
0.11913832199546485,96
0.11918367346938775,62
0.11922902494331065,37
0.11927437641723355,10
0.11931972789115647,5
0.11936507936507937,9
0.11941043083900227,15
0.11945578231292517,20
0.11950113378684807,34
0.11954648526077097,47
0.11959183673469388,31
0.11963718820861678,25
0.11968253968253968,6
0.11972789115646258,-14
0.11977324263038548,-27
0.1198185941043084,-26
0.1198639455782313,0
0.1199092970521542,29
0.1199546485260771,25
0.12,26
0.12004535147392291,12
0.12009070294784581,7
0.12013605442176871,13
0.12018140589569161,35
0.12022675736961451,45
0.12027210884353741,35
0.12031746031746032,27
0.12036281179138322,15
0.12040816326530612,5
0.12045351473922902,-21
0.12049886621315192,-42
0.12054421768707484,-63
0.12058956916099774,-113
0.12063492063492064,-145
0.12068027210884354,-120
0.12072562358276644,-85
0.12077097505668934,-78
0.12081632653061225,-70
0.12086167800453515,-67
0.12090702947845805,-37
0.12095238095238095,-3
0.12099773242630385,45
0.12104308390022676,44
0.12108843537414966,13
0.12113378684807256,30
0.12117913832199546,16
0.12122448979591836,26
0.12126984126984126,16
0.12131519274376418,0
0.12136054421768708,-17
0.12140589569160998,-35
0.12145124716553288,-49
0.12149659863945578,-30
0.12154195011337869,-44
0.12158730158730159,-51
0.12163265306122449,-47
0.12167800453514739,-44
0.12172335600907029,-24
0.12176870748299319,-34
0.1218140589569161,-37
0.121859410430839,-20
0.1219047619047619,-3
0.1219501133786848,19
0.1219954648526077,22
0.12204081632653062,-14
0.12208616780045352,-38
0.12213151927437642,-65
0.12217687074829932,-76
0.12222222222222222,-79
0.12226757369614512,-50
0.12231292517006803,-34
0.12235827664399093,-12
0.12240362811791383,-8
0.12244897959183673,18
0.12249433106575963,25
0.12253968253968255,31
0.12258503401360545,21
0.12263038548752835,-21
0.12267573696145125,-44
0.12272108843537415,-44
0.12276643990929705,-42
0.12281179138321996,-29
0.12285714285714286,-31
0.12290249433106576,-48
0.12294784580498866,-44
0.12299319727891156,-46
0.12303854875283447,-48
0.12308390022675737,-67
0.12312925170068027,-67
0.12317460317460317,-33
0.12321995464852607,-20
0.12326530612244897,9
0.12331065759637189,35
0.12335600907029479,18
0.12340136054421769,37
0.12344671201814059,24
0.12349206349206349,20
0.1235374149659864,0
0.1235827664399093,-26
0.1236281179138322,-12
0.1236734693877551,-30
0.123718820861678,-17
0.12376417233560091,5
0.12380952380952381,31
0.12385487528344671,70
0.12390022675736961,72
0.12394557823129251,89
0.12399092970521541,87
0.12403628117913833,96
0.12408163265306123,95
0.12412698412698413,75
0.12417233560090703,61
0.12421768707482993,68
0.12426303854875284,55
0.12430839002267574,41
0.12435374149659864,56
0.12439909297052154,30
0.12444444444444444,-1
0.12448979591836734,-16
0.12453514739229025,-34
0.12458049886621315,-40
0.12462585034013605,-57
0.12467120181405895,-78
0.12471655328798185,-86
0.12476190476190477,-80
0.12480725623582767,-65
0.12485260770975057,-33
0.12489795918367347,-37
0.12494331065759637,-54
0.12498866213151927,-59
0.12503401360544217,-47
0.12507936507936507,-12
0.125124716553288,-19
0.1251700680272109,-8
0.1252154195011338,-7
0.1252607709750567,18
0.1253061224489796,22
0.1253514739229025,14
0.1253968253968254,-13
0.1254421768707483,-18
0.1254875283446712,-1
0.1255328798185941,-36
0.125578231292517,-46
0.12562358276643992,-41
0.12566893424036282,-14
0.12571428571428572,24
0.12575963718820862,7
0.12580498866213152,-11
0.12585034013605442,-22
0.12589569160997732,-6
0.12594104308390022,-7
0.12598639455782312,-7
0.12603174603174602,2
0.12607709750566892,4
0.12612244897959185,32
0.12616780045351475,54
0.12621315192743765,47
0.12625850340136055,36
0.12630385487528345,22
0.12634920634920635,3
0.12639455782312925,15
0.12643990929705215,-2
0.12648526077097505,-16
0.12653061224489795,-11
0.12657596371882085,-36
0.12662131519274378,-46
0.12666666666666668,-52
0.12671201814058958,-77
0.12675736961451248,-82
0.12680272108843538,-75
0.12684807256235828,-70
0.12689342403628118,-71
0.12693877551020408,-71
0.12698412698412698,-45
0.12702947845804988,-35
0.12707482993197278,-37
0.1271201814058957,-65
0.1271655328798186,-99
0.1272108843537415,-101
0.1272562358276644,-103
0.1273015873015873,-87
0.1273469387755102,-82
0.1273922902494331,-63
0.127437641723356,-26
0.1274829931972789,-12
0.1275283446712018,-23
0.1275736961451247,-37
0.12761904761904763,-57
0.12766439909297053,-58
0.12770975056689343,-21
0.12775510204081633,-17
0.12780045351473923,-33
0.12784580498866213,-57
0.12789115646258503,-48
0.12793650793650793,-10
0.12798185941043083,-28
0.12802721088435373,-49
0.12807256235827663,-49
0.12811791383219956,-39
0.12816326530612246,-12
0.12820861678004536,-6
0.12825396825396826,8
0.12829931972789116,19
0.12834467120181406,33
0.12839002267573696,49
0.12843537414965986,43
0.12848072562358276,25
0.12852607709750566,24
0.12857142857142856,16
0.1286167800453515,17
0.1286621315192744,40
0.1287074829931973,55
0.1287528344671202,47
0.1287981859410431,29
0.128843537414966,2